{
    "loss": 0.5516628623008728,
    "accuracy": 0.9482758641242981
}