{
    "loss": 0.44120633602142334,
    "accuracy": 0.9482758641242981
}